date,white_balls,red_ball,power_play
11/01/1997,22|25|28|33|37,20,0X
11/05/1997,2|19|24|28|35,26,0X
11/08/1997,7|17|21|40|49,37,0X
11/12/1997,13|14|16|29|41,1,0X
11/15/1997,7|21|26|32|45,8,0X
11/19/1997,3|10|19|21|48,22,0X
11/22/1997,3|7|14|22|31,2,0X
11/26/1997,15|23|34|40|46,35,0X
11/29/1997,2|11|13|27|31,23,0X
12/03/1997,9|14|18|42|47,32,0X
12/06/1997,8|15|26|28|43,36,0X
12/10/1997,4|18|21|28|41,3,0X
12/13/1997,5|35|41|44|46,27,0X
12/17/1997,3|5|13|18|45,20,0X
12/20/1997,10|11|12|17|23,7,0X
12/24/1997,3|16|28|34|35,14,0X
12/27/1997,9|14|15|36|48,17,0X
12/31/1997,4|5|6|14|27,6,0X
01/03/1998,4|7|9|27|32,6,0X
01/07/1998,3|4|18|30|37,23,0X
01/10/1998,7|9|17|20|44,25,0X
01/14/1998,6|9|16|28|38,13,0X
01/17/1998,9|28|29|38|49,6,0X
01/21/1998,1|23|26|31|32,33,0X
01/24/1998,7|15|23|28|36,10,0X
01/28/1998,15|23|31|36|48,12,0X
01/31/1998,7|11|13|36|48,18,0X
02/04/1998,8|12|21|25|30,20,0X
02/07/1998,5|12|15|27|40,14,0X
02/11/1998,25|33|34|35|37,35,0X
02/14/1998,5|7|23|39|41,6,0X
02/18/1998,1|21|28|29|33,15,0X
02/21/1998,9|22|29|39|47,25,0X
02/25/1998,2|20|30|43|46,19,0X
02/28/1998,4|26|41|45|49,6,0X
03/04/1998,3|19|30|33|39,9,0X
03/07/1998,21|30|32|36|42,33,0X
03/11/1998,2|5|17|24|36,20,0X
03/14/1998,15|34|35|42|47,15,0X
03/18/1998,2|4|33|39|41,26,0X
03/21/1998,4|34|35|38|47,16,0X
03/25/1998,5|23|35|42|44,29,0X
03/28/1998,27|30|33|38|44,15,0X
04/01/1998,11|12|33|34|47,39,0X
04/04/1998,3|8|23|43|46,13,0X
04/08/1998,3|10|24|30|49,35,0X
04/11/1998,5|15|36|48|49,11,0X
04/15/1998,8|24|25|39|41,21,0X
04/18/1998,19|22|24|30|45,21,0X
04/22/1998,4|13|29|31|49,4,0X
04/25/1998,5|7|20|35|38,19,0X
04/29/1998,8|25|30|46|47,31,0X
05/02/1998,3|14|19|37|49,4,0X
05/06/1998,11|20|44|45|47,5,0X
05/09/1998,8|26|29|34|49,28,0X
05/13/1998,2|13|18|30|36,26,0X
05/16/1998,1|22|23|28|41,18,0X
05/20/1998,4|9|30|34|48,8,0X
05/23/1998,1|15|16|35|46,35,0X
05/27/1998,2|15|27|33|46,27,0X
05/30/1998,3|14|24|29|45,24,0X
06/03/1998,22|25|31|35|41,38,0X
06/06/1998,16|24|26|28|42,24,0X
06/10/1998,4|12|19|36|38,6,0X
06/13/1998,3|6|8|21|23,11,0X
06/17/1998,7|14|35|36|37,10,0X
06/20/1998,9|26|27|31|49,4,0X
06/24/1998,13|16|18|27|30,23,0X
06/27/1998,7|10|30|31|36,37,0X
07/01/1998,3|17|29|35|47,34,0X
07/04/1998,15|25|30|38|39,42,0X
07/08/1998,5|16|19|29|34,24,0X
07/11/1998,1|6|10|12|38,17,0X
07/15/1998,11|16|21|23|36,37,0X
07/18/1998,8|10|14|33|40,31,0X
07/22/1998,1|22|23|30|49,33,0X
07/25/1998,3|14|17|21|23,16,0X
07/29/1998,8|39|43|45|49,13,0X
08/01/1998,1|4|20|25|44,5,0X
08/05/1998,3|12|19|35|42,21,0X
08/08/1998,5|9|33|42|45,28,0X
08/12/1998,2|10|33|42|45,2,0X
08/15/1998,12|27|30|37|49,20,0X
08/19/1998,8|15|23|43|46,29,0X
08/22/1998,7|11|21|22|49,19,0X
08/26/1998,6|23|32|42|46,8,0X
08/29/1998,13|14|18|29|31,23,0X
09/02/1998,21|28|29|40|44,8,0X
09/05/1998,8|10|16|26|49,40,0X
09/09/1998,4|12|19|42|46,9,0X
09/12/1998,16|19|28|33|35,16,0X
09/16/1998,6|24|35|40|42,2,0X
09/19/1998,1|19|35|37|41,11,0X
09/23/1998,1|5|21|22|42,18,0X
09/26/1998,2|3|5|24|25,8,0X
09/30/1998,2|3|8|12|36,24,0X
10/03/1998,5|14|22|25|32,4,0X
10/07/1998,6|8|9|15|26,7,0X
10/10/1998,1|8|19|28|45,25,0X
10/14/1998,14|15|18|26|32,6,0X
10/17/1998,28|32|44|47|48,27,0X
10/21/1998,22|24|27|39|44,25,0X
10/24/1998,10|12|17|25|40,20,0X
10/28/1998,8|9|24|35|44,42,0X
10/31/1998,17|33|34|37|42,8,0X
11/04/1998,2|8|17|30|36,22,0X
11/07/1998,5|10|13|30|33,28,0X
11/11/1998,10|14|25|36|48,2,0X
11/14/1998,3|10|16|35|41,38,0X
11/18/1998,21|25|33|39|46,18,0X
11/21/1998,1|14|15|21|35,10,0X
11/25/1998,6|10|13|33|48,9,0X
11/28/1998,2|4|6|11|43,9,0X
12/02/1998,4|22|29|36|45,30,0X
12/05/1998,9|19|20|27|31,39,0X
12/09/1998,12|33|40|43|48,16,0X
12/12/1998,12|16|26|29|40,32,0X
12/16/1998,3|8|19|27|32,38,0X
12/19/1998,3|5|15|17|45,6,0X
12/23/1998,29|31|39|45|46,33,0X
12/26/1998,7|17|27|29|41,33,0X
12/30/1998,10|20|34|38|46,3,0X
01/02/1999,4|17|23|26|39,27,0X
01/06/1999,2|9|13|16|44,36,0X
01/09/1999,5|10|11|27|32,13,0X
01/13/1999,15|31|33|43|47,6,0X
01/16/1999,2|15|20|28|40,15,0X
01/20/1999,2|12|19|40|48,27,0X
01/23/1999,3|19|26|30|49,31,0X
01/27/1999,2|4|20|23|44,22,0X
01/30/1999,19|24|25|40|45,5,0X
02/03/1999,20|26|30|39|42,32,0X
02/06/1999,15|25|32|39|48,32,0X
02/10/1999,10|20|27|31|42,26,0X
02/13/1999,4|9|18|27|35,11,0X
02/17/1999,10|21|22|25|36,39,0X
02/20/1999,6|15|16|24|39,12,0X
02/24/1999,8|15|29|40|46,23,0X
02/27/1999,13|20|30|32|46,36,0X
03/03/1999,1|8|12|42|44,13,0X
03/06/1999,13|19|20|25|42,13,0X
03/10/1999,1|14|26|34|49,15,0X
03/13/1999,8|11|42|44|49,39,0X
03/17/1999,9|15|31|37|40,9,0X
03/20/1999,4|20|22|40|41,7,0X
03/24/1999,7|19|20|26|27,12,0X
03/27/1999,5|12|13|45|48,35,0X
03/31/1999,3|15|16|28|39,1,0X
04/03/1999,1|4|10|17|30,6,0X
04/07/1999,5|26|31|37|39,42,0X
04/10/1999,3|24|34|42|45,1,0X
04/14/1999,10|12|19|25|40,33,0X
04/17/1999,15|18|25|40|43,37,0X
04/21/1999,3|11|32|41|45,29,0X
04/24/1999,1|3|35|45|48,18,0X
04/28/1999,5|7|12|18|42,14,0X
05/01/1999,7|9|20|26|27,18,0X
05/05/1999,7|9|26|31|40,24,0X
05/08/1999,25|28|30|34|47,14,0X
05/12/1999,4|5|12|38|40,28,0X
05/15/1999,4|24|27|30|38,14,0X
05/19/1999,4|9|24|35|41,31,0X
05/22/1999,6|15|18|36|43,11,0X
05/26/1999,26|29|34|36|37,24,0X
05/29/1999,5|35|36|43|45,19,0X
06/02/1999,4|20|24|46|48,32,0X
06/05/1999,2|8|16|37|49,11,0X
06/09/1999,7|32|35|38|48,17,0X
06/12/1999,17|26|28|35|45,20,0X
06/16/1999,2|4|8|14|38,1,0X
06/19/1999,2|23|27|38|46,26,0X
06/23/1999,12|15|17|23|49,7,0X
06/26/1999,8|15|22|38|47,26,0X
06/30/1999,5|10|12|20|40,3,0X
07/03/1999,1|7|8|21|37,2,0X
07/07/1999,3|6|17|37|41,8,0X
07/10/1999,7|17|35|37|44,30,0X
07/14/1999,1|6|25|29|32,9,0X
07/17/1999,30|36|37|40|48,28,0X
07/21/1999,4|13|26|29|31,3,0X
07/24/1999,4|23|33|45|47,33,0X
07/28/1999,22|23|25|31|32,25,0X
07/31/1999,18|26|43|45|46,29,0X
08/04/1999,4|18|24|33|35,34,0X
08/07/1999,1|42|44|45|49,1,0X
08/11/1999,5|7|10|12|43,7,0X
08/14/1999,1|5|6|39|45,14,0X
08/18/1999,5|8|9|26|41,19,0X
08/21/1999,2|17|28|42|45,20,0X
08/25/1999,11|13|21|34|45,30,0X
08/28/1999,14|18|25|38|39,7,0X
09/01/1999,9|32|36|37|39,14,0X
09/04/1999,14|22|23|26|34,29,0X
09/08/1999,8|15|22|39|43,22,0X
09/11/1999,4|32|33|37|42,25,0X
09/15/1999,1|12|37|42|48,31,0X
09/18/1999,2|8|26|34|46,30,0X
09/22/1999,8|33|35|38|47,8,0X
09/25/1999,15|32|33|36|41,7,0X
09/29/1999,11|22|29|41|46,42,0X
10/02/1999,12|15|25|35|48,30,0X
10/06/1999,6|7|15|38|42,42,0X
10/09/1999,8|20|27|39|43,1,0X
10/13/1999,15|23|38|43|44,38,0X
10/16/1999,5|12|18|22|40,21,0X
10/20/1999,2|16|19|20|29,13,0X
10/23/1999,12|15|27|32|37,11,0X
10/27/1999,17|20|24|31|39,21,0X
10/30/1999,10|26|33|37|41,21,0X
11/03/1999,1|3|7|8|26,7,0X
11/06/1999,5|8|12|25|40,28,0X
11/10/1999,13|19|31|40|43,36,0X
11/13/1999,13|16|26|32|34,24,0X
11/17/1999,11|20|27|43|48,12,0X
11/20/1999,5|6|18|42|44,3,0X
11/24/1999,2|4|15|37|43,40,0X
11/27/1999,3|16|24|28|38,28,0X
12/01/1999,3|14|20|32|47,2,0X
12/04/1999,5|22|25|36|38,37,0X
12/08/1999,13|34|40|44|47,24,0X
12/11/1999,6|10|31|47|48,29,0X
12/15/1999,19|32|33|35|47,26,0X
12/18/1999,2|3|15|25|43,25,0X
12/22/1999,11|13|23|42|43,18,0X
12/25/1999,6|19|29|39|44,28,0X
12/29/1999,3|11|14|16|43,10,0X
01/01/2000,9|13|23|36|45,39,0X
01/05/2000,5|15|16|28|32,39,0X
01/08/2000,7|28|35|40|48,14,0X
01/12/2000,9|32|38|41|44,27,0X
01/15/2000,1|6|21|33|40,28,0X
01/19/2000,12|31|35|37|44,34,0X
01/22/2000,4|16|32|34|41,25,0X
01/26/2000,18|25|30|43|46,18,0X
01/29/2000,6|8|28|32|47,26,0X
02/02/2000,6|10|12|16|29,33,0X
02/05/2000,6|11|34|41|44,20,0X
02/09/2000,5|29|36|40|49,30,0X
02/12/2000,21|24|37|44|45,24,0X
02/16/2000,9|10|12|31|41,37,0X
02/19/2000,14|23|24|45|48,21,0X
02/23/2000,12|16|20|26|32,35,0X
02/26/2000,7|9|23|37|49,7,0X
03/01/2000,21|22|29|30|38,39,0X
03/04/2000,3|6|8|43|48,1,0X
03/08/2000,11|14|17|25|36,38,0X
03/11/2000,2|11|23|28|31,39,0X
03/15/2000,14|15|19|38|44,20,0X
03/18/2000,12|30|39|43|46,10,0X
03/22/2000,3|12|30|41|46,32,0X
03/25/2000,6|30|43|45|48,32,0X
03/29/2000,12|32|37|40|49,37,0X
04/01/2000,3|4|13|29|38,21,0X
04/05/2000,6|8|11|18|39,40,0X
04/08/2000,4|9|12|33|48,18,0X
04/12/2000,4|6|20|25|31,6,0X
04/15/2000,15|26|28|40|48,9,0X
04/19/2000,3|8|9|20|49,22,0X
04/22/2000,3|5|9|42|48,35,0X
04/26/2000,5|10|17|24|37,15,0X
04/29/2000,12|14|26|35|36,37,0X
05/03/2000,5|13|34|41|48,7,0X
05/06/2000,4|27|29|39|41,16,0X
05/10/2000,8|18|20|31|47,11,0X
05/13/2000,1|3|27|38|42,24,0X
05/17/2000,16|17|20|28|49,34,0X
05/20/2000,5|17|40|44|48,26,0X
05/24/2000,7|19|43|46|47,4,0X
05/27/2000,2|22|29|30|44,36,0X
05/31/2000,15|16|22|42|43,11,0X
06/03/2000,13|14|15|31|37,10,0X
06/07/2000,19|39|45|46|49,17,0X
06/10/2000,2|16|32|40|47,15,0X
06/14/2000,21|23|32|34|42,5,0X
06/17/2000,6|15|25|44|47,7,0X
06/21/2000,1|24|27|28|43,25,0X
06/24/2000,2|13|26|27|49,4,0X
06/28/2000,13|24|27|30|45,18,0X
07/01/2000,13|14|22|32|42,26,0X
07/05/2000,10|14|18|32|33,2,0X
07/08/2000,2|7|10|34|39,12,0X
07/12/2000,6|9|10|26|48,10,0X
07/15/2000,5|8|21|46|49,34,0X
07/19/2000,5|8|18|36|38,40,0X
07/22/2000,2|12|15|33|41,33,0X
07/26/2000,3|20|22|37|44,36,0X
07/29/2000,11|24|26|38|41,7,0X
08/02/2000,12|27|33|42|49,31,0X
08/05/2000,13|28|32|33|38,14,0X
08/09/2000,11|17|18|19|28,34,0X
08/12/2000,6|31|38|46|47,21,0X
08/16/2000,15|16|27|44|47,14,0X
08/19/2000,10|13|17|23|36,23,0X
08/23/2000,20|28|40|43|47,31,0X
08/26/2000,16|22|27|40|43,5,0X
08/30/2000,4|25|29|36|46,8,0X
09/02/2000,5|14|20|22|26,35,0X
09/06/2000,4|6|12|28|42,6,0X
09/09/2000,14|18|20|29|42,2,0X
09/13/2000,2|13|21|22|47,31,0X
09/16/2000,1|19|40|47|49,14,0X
09/20/2000,17|21|23|33|45,11,0X
09/23/2000,1|17|27|35|36,31,0X
09/27/2000,24|32|42|44|47,15,0X
09/30/2000,19|24|32|43|44,39,0X
10/04/2000,3|16|24|34|48,3,0X
10/07/2000,4|7|27|34|39,1,0X
10/11/2000,26|32|41|44|45,35,0X
10/14/2000,14|16|18|22|41,37,0X
10/18/2000,17|21|28|42|43,25,0X
10/21/2000,13|19|24|44|45,16,0X
10/25/2000,3|5|20|45|46,37,0X
10/28/2000,6|11|32|37|47,13,0X
11/01/2000,4|10|14|29|39,10,0X
11/04/2000,5|9|22|34|42,2,0X
11/08/2000,13|17|37|45|49,4,0X
11/11/2000,4|12|21|38|46,37,0X
11/15/2000,12|26|32|41|46,18,0X
11/18/2000,3|27|31|32|41,33,0X
11/22/2000,5|18|40|44|47,34,0X
11/25/2000,2|37|38|39|42,22,0X
11/29/2000,1|4|20|27|29,17,0X
12/02/2000,11|14|22|38|41,39,0X
12/06/2000,7|15|20|23|45,17,0X
12/09/2000,8|10|14|41|42,20,0X
12/13/2000,6|10|19|38|43,41,0X
12/16/2000,2|26|33|34|39,23,0X
12/20/2000,4|7|31|34|41,28,0X
12/23/2000,6|11|15|22|27,27,0X
12/27/2000,15|22|24|32|39,18,0X
12/30/2000,23|26|29|38|46,35,0X
01/03/2001,9|19|29|38|49,20,0X
01/06/2001,1|22|24|39|43,26,0X
01/10/2001,6|9|22|23|35,6,0X
01/13/2001,14|19|23|29|42,26,0X
01/17/2001,9|16|28|31|48,36,0X
01/20/2001,1|11|25|29|36,40,0X
01/24/2001,31|34|39|42|49,26,0X
01/27/2001,8|19|32|41|45,37,0X
01/31/2001,15|21|27|37|47,16,0X
02/03/2001,21|27|29|41|44,9,0X
02/07/2001,4|6|7|31|33,20,0X
02/10/2001,16|38|41|46|47,25,0X
02/14/2001,5|18|29|41|42,16,0X
02/17/2001,4|22|31|39|41,6,0X
02/21/2001,4|10|32|39|45,25,0X
02/24/2001,29|30|34|41|49,37,0X
02/28/2001,1|3|9|46|47,22,0X
03/03/2001,8|9|23|36|44,15,0X
03/07/2001,9|23|32|40|45,31,5X
03/10/2001,12|19|26|30|33,11,3X
03/14/2001,12|22|27|42|49,34,2X
03/17/2001,15|16|18|20|36,18,5X
03/21/2001,13|14|18|20|21,16,1X
03/24/2001,2|28|37|40|49,22,5X
03/28/2001,4|12|27|31|43,20,5X
03/31/2001,11|27|37|39|41,42,2X
04/04/2001,5|12|13|16|43,11,3X
04/07/2001,18|20|31|37|41,1,4X
04/11/2001,4|21|32|39|41,31,3X
04/14/2001,3|8|16|29|30,4,2X
04/18/2001,6|11|18|20|44,39,3X
04/21/2001,5|24|25|30|38,40,2X
04/25/2001,14|26|28|29|39,39,1X
04/28/2001,1|11|20|34|39,37,5X
05/02/2001,2|19|30|36|42,19,2X
05/05/2001,7|9|19|20|45,5,2X
05/09/2001,9|14|19|22|49,34,2X
05/12/2001,11|16|28|29|36,21,5X
05/16/2001,12|13|20|28|44,17,5X
05/19/2001,6|10|21|47|49,2,2X
05/23/2001,19|21|32|34|49,38,2X
05/26/2001,9|10|21|24|40,36,4X
05/30/2001,11|12|28|36|43,9,1X
06/02/2001,10|17|26|45|48,38,5X
06/06/2001,10|20|21|40|45,22,1X
06/09/2001,20|23|37|42|43,27,3X
06/13/2001,9|32|34|36|41,14,2X
06/16/2001,2|13|17|44|45,14,1X
06/20/2001,5|9|14|18|49,32,1X
06/23/2001,6|35|38|40|42,36,2X
06/27/2001,3|7|13|16|35,22,3X
06/30/2001,3|6|33|34|39,15,2X
07/04/2001,3|25|26|28|30,10,3X
07/07/2001,3|9|22|34|46,17,1X
07/11/2001,10|16|18|24|26,13,5X
07/14/2001,1|13|15|27|41,2,4X
07/18/2001,4|9|26|31|49,2,2X
07/21/2001,3|15|19|20|27,20,5X
07/25/2001,16|23|29|37|39,17,2X
07/28/2001,4|23|33|36|45,29,1X
08/01/2001,24|25|26|34|39,31,4X
08/04/2001,16|20|24|26|46,9,3X
08/08/2001,2|10|25|37|41,2,2X
08/11/2001,11|14|20|25|41,8,4X
08/15/2001,29|37|40|43|44,6,5X
08/18/2001,3|14|20|22|48,17,1X
08/22/2001,2|28|30|36|39,10,3X
08/25/2001,8|17|22|42|47,21,2X
08/29/2001,4|9|32|35|49,28,3X
09/01/2001,7|24|27|30|44,29,1X
09/05/2001,14|18|24|33|42,8,5X
09/08/2001,6|12|13|28|48,26,3X
09/12/2001,13|25|35|39|47,1,3X
09/15/2001,19|28|33|43|49,23,3X
09/19/2001,21|26|28|31|41,29,5X
09/22/2001,23|27|34|39|42,40,1X
09/26/2001,18|26|30|35|44,19,4X
09/29/2001,2|15|21|29|47,12,4X
10/03/2001,2|20|23|35|49,25,5X
10/06/2001,1|5|9|21|31,12,1X
10/10/2001,1|7|8|16|19,37,5X
10/13/2001,37|40|41|46|48,20,2X
10/17/2001,5|7|29|40|46,5,1X
10/20/2001,7|16|33|40|47,33,2X
10/24/2001,6|15|24|27|42,32,5X
10/27/2001,1|10|17|28|45,20,5X
10/31/2001,2|16|18|35|40,41,5X
11/03/2001,6|14|36|37|49,20,3X
11/07/2001,2|4|6|17|25,31,1X
11/10/2001,7|13|16|33|38,13,4X
11/14/2001,4|17|28|30|40,3,1X
11/17/2001,1|7|10|27|35,34,4X
11/21/2001,27|28|31|38|41,13,1X
11/24/2001,10|12|27|37|42,30,5X
11/28/2001,5|15|18|24|48,16,2X
12/01/2001,6|38|41|46|48,37,2X
12/05/2001,8|9|13|14|21,37,3X
12/08/2001,17|26|31|35|48,35,2X
12/12/2001,4|20|35|43|47,27,4X
12/15/2001,8|11|13|22|37,17,4X
12/19/2001,20|26|35|36|43,23,4X
12/22/2001,14|24|27|33|34,6,3X
12/26/2001,8|19|23|39|41,21,3X
12/29/2001,10|15|27|43|45,31,2X
01/02/2002,23|36|42|44|46,33,3X
01/05/2002,7|8|14|17|32,15,5X
01/09/2002,7|39|40|42|43,4,5X
01/12/2002,13|19|22|41|47,5,3X
01/16/2002,24|31|34|40|47,30,2X
01/19/2002,21|23|35|41|49,5,2X
01/23/2002,14|18|30|32|47,36,5X
01/26/2002,5|14|15|22|30,31,4X
01/30/2002,7|9|15|21|40,18,2X
02/02/2002,12|19|27|43|45,28,1X
02/06/2002,10|24|28|34|35,32,3X
02/09/2002,17|21|30|35|36,12,1X
02/13/2002,2|10|33|38|43,19,4X
02/16/2002,19|31|32|42|45,6,5X
02/20/2002,8|9|19|22|25,11,5X
02/23/2002,8|15|19|21|38,33,1X
02/27/2002,1|2|6|19|45,27,4X
03/02/2002,6|22|25|36|46,34,4X
03/06/2002,5|7|15|30|38,2,5X
03/09/2002,2|12|38|44|49,19,3X
03/13/2002,4|27|28|33|49,39,2X
03/16/2002,10|16|37|38|45,14,5X
03/20/2002,4|20|25|30|49,37,5X
03/23/2002,1|2|10|39|48,13,1X
03/27/2002,15|35|40|43|46,33,3X
03/30/2002,8|13|16|19|29,37,1X
04/03/2002,8|14|17|29|36,3,1X
04/06/2002,15|16|22|30|35,20,5X
04/10/2002,7|12|17|29|48,21,3X
04/13/2002,16|22|32|33|38,13,4X
04/17/2002,2|3|22|23|36,22,2X
04/20/2002,27|34|40|42|44,8,4X
04/24/2002,1|13|16|33|43,1,2X
04/27/2002,1|9|12|18|33,14,1X
05/01/2002,3|26|32|45|48,6,5X
05/04/2002,6|7|9|12|20,20,5X
05/08/2002,6|11|25|28|34,35,3X
05/11/2002,3|15|16|36|40,22,1X
05/15/2002,30|33|36|37|49,35,5X
05/18/2002,2|18|25|31|32,1,2X
05/22/2002,5|20|22|23|34,19,1X
05/25/2002,9|29|30|33|42,27,4X
05/29/2002,18|28|31|35|49,13,1X
06/01/2002,2|6|17|19|27,2,3X
06/05/2002,1|18|21|36|47,33,2X
06/08/2002,26|37|42|46|48,38,3X
06/12/2002,13|18|27|39|49,20,1X
06/15/2002,7|8|16|42|43,15,3X
06/19/2002,1|3|4|7|11,23,3X
06/22/2002,1|16|26|37|48,9,2X
06/26/2002,6|9|17|23|24,14,4X
06/29/2002,4|33|35|36|45,22,5X
07/03/2002,7|19|38|48|49,10,5X
07/06/2002,2|9|27|36|39,13,3X
07/10/2002,26|31|37|43|45,32,5X
07/13/2002,3|22|37|42|49,8,3X
07/17/2002,10|11|25|40|45,25,5X
07/20/2002,2|3|6|13|26,10,1X
07/24/2002,16|19|22|34|37,20,4X
07/27/2002,2|5|17|22|44,30,1X
07/31/2002,2|4|6|22|34,26,4X
08/03/2002,13|19|24|33|34,41,5X
08/07/2002,13|35|40|46|47,35,4X
08/10/2002,11|16|21|27|35,31,5X
08/14/2002,4|16|19|33|41,29,2X
08/17/2002,3|26|33|42|46,41,3X
08/21/2002,1|6|43|47|48,36,1X
08/24/2002,5|10|18|24|45,20,5X
08/28/2002,24|30|36|37|38,42,2X
08/31/2002,12|14|22|29|41,41,5X
09/04/2002,15|18|26|31|36,20,5X
09/07/2002,6|12|19|24|34,18,5X
09/11/2002,3|6|26|39|48,28,3X
09/14/2002,5|14|26|31|40,29,4X
09/18/2002,6|27|32|42|44,10,5X
09/21/2002,3|11|28|40|45,33,5X
09/25/2002,1|12|23|36|49,9,2X
09/28/2002,12|22|24|31|35,8,3X
10/02/2002,2|4|5|38|43,34,2X
10/05/2002,14|19|22|39|43,12,2X
10/09/2002,9|10|38|42|43,5,4X
10/12/2002,23|26|46|49|52,28,5X
10/16/2002,8|11|24|31|37,41,5X
10/19/2002,4|18|20|25|42,29,4X
10/23/2002,2|14|18|30|31,36,5X
10/26/2002,12|14|27|33|39,41,3X
10/30/2002,9|16|19|23|41,12,5X
11/02/2002,8|15|32|34|35,34,4X
11/06/2002,9|11|12|17|19,23,5X
11/09/2002,30|36|38|40|53,8,5X
11/13/2002,18|23|31|38|50,20,5X
11/16/2002,32|33|35|40|51,1,2X
11/20/2002,14|21|22|29|44,3,3X
11/23/2002,15|16|19|21|49,5,4X
11/27/2002,1|20|25|40|53,19,5X
11/30/2002,1|4|19|21|29,8,2X
12/04/2002,13|20|21|35|40,35,4X
12/07/2002,3|17|27|32|48,1,2X
12/11/2002,6|12|14|22|33,21,3X
12/14/2002,8|17|24|42|44,37,2X
12/18/2002,2|14|33|50|52,22,5X
12/21/2002,5|22|34|39|52,30,5X
12/25/2002,5|14|16|29|53,7,4X
12/28/2002,2|15|38|43|50,29,5X
01/01/2003,18|34|42|43|53,17,5X
01/04/2003,1|11|37|39|40,23,2X
01/08/2003,16|22|26|44|46,20,3X
01/11/2003,9|45|46|48|51,2,5X
01/15/2003,4|17|30|42|44,15,5X
01/18/2003,4|17|34|48|52,10,4X
01/22/2003,20|28|30|40|43,3,3X
01/25/2003,10|12|15|49|51,21,5X
01/29/2003,10|12|27|30|53,28,5X
02/01/2003,2|11|16|21|39,42,5X
02/05/2003,2|5|7|9|48,32,5X
02/08/2003,2|13|20|21|23,35,5X
02/12/2003,7|12|19|47|49,6,4X
02/15/2003,1|26|29|38|42,30,2X
02/19/2003,6|11|16|17|44,26,5X
02/22/2003,2|5|6|9|10,26,2X
02/26/2003,10|23|27|31|34,11,2X
03/01/2003,6|7|27|28|41,3,5X
03/05/2003,2|24|28|37|44,6,2X
03/08/2003,1|5|20|21|45,24,3X
03/12/2003,5|24|25|44|52,20,3X
03/15/2003,12|30|41|45|52,35,5X
03/19/2003,19|37|40|47|51,40,5X
03/22/2003,5|29|31|47|49,25,3X
03/26/2003,10|28|31|40|52,41,5X
03/29/2003,2|9|17|25|36,8,2X
04/02/2003,12|17|35|47|50,13,4X
04/05/2003,7|14|23|46|49,20,5X
04/09/2003,6|28|35|38|51,41,2X
04/12/2003,17|27|28|35|52,2,5X
04/16/2003,4|25|39|41|50,31,5X
04/19/2003,10|18|40|46|48,30,5X
04/23/2003,14|15|23|31|51,34,2X
04/26/2003,5|11|13|22|36,31,4X
04/30/2003,7|13|17|32|33,35,4X
05/03/2003,14|21|39|40|47,6,5X
05/07/2003,13|18|34|35|51,28,5X
05/10/2003,1|2|6|10|20,38,4X
05/14/2003,20|33|34|45|52,21,5X
05/17/2003,5|13|18|42|50,4,2X
05/21/2003,4|30|32|35|41,9,2X
05/24/2003,10|42|48|49|50,42,5X
05/28/2003,6|16|17|19|38,16,5X
05/31/2003,10|26|30|46|52,35,3X
06/04/2003,2|14|24|26|53,1,2X
06/07/2003,11|17|26|27|40,6,3X
06/11/2003,12|16|43|44|46,38,2X
06/14/2003,12|26|40|42|50,3,5X
06/18/2003,19|20|21|45|46,20,4X
06/21/2003,15|19|27|36|44,17,5X
06/25/2003,5|26|35|43|50,4,4X
06/28/2003,7|9|14|41|44,25,4X
07/02/2003,16|17|24|26|45,36,5X
07/05/2003,5|17|25|37|49,21,2X
07/09/2003,19|21|26|31|51,40,3X
07/12/2003,6|16|50|51|52,23,4X
07/16/2003,18|27|28|30|49,20,5X
07/19/2003,14|29|30|34|48,1,5X
07/23/2003,4|16|34|37|51,38,5X
07/26/2003,9|10|30|32|34,11,3X
07/30/2003,18|22|26|31|49,28,2X
08/02/2003,17|40|41|42|46,25,3X
08/06/2003,11|14|26|31|48,30,2X
08/09/2003,18|23|25|26|40,15,4X
08/13/2003,26|31|35|44|48,32,2X
08/16/2003,13|15|20|37|42,7,5X
08/20/2003,8|22|35|46|48,15,5X
08/23/2003,1|39|46|50|51,7,5X
08/27/2003,24|31|36|42|46,32,5X
08/30/2003,9|35|36|41|49,33,3X
09/03/2003,6|9|19|24|40,31,5X
09/06/2003,6|15|18|20|41,17,5X
09/10/2003,3|17|29|30|33,34,5X
09/13/2003,6|10|19|28|32,39,5X
09/17/2003,2|19|24|32|34,2,5X
09/20/2003,11|13|28|31|33,29,4X
09/24/2003,17|19|20|28|47,37,4X
09/27/2003,9|20|30|41|48,29,5X
10/01/2003,4|5|19|21|50,41,2X
10/04/2003,8|13|29|44|48,36,3X
10/08/2003,1|6|7|8|25,18,5X
10/11/2003,11|14|21|32|45,21,2X
10/15/2003,6|9|29|39|52,8,5X
10/18/2003,22|25|33|34|35,14,5X
10/22/2003,3|25|27|28|53,35,5X
10/25/2003,6|17|45|47|48,4,3X
10/29/2003,8|19|22|34|53,29,3X
11/01/2003,16|19|34|37|47,18,5X
11/05/2003,6|20|27|38|39,31,5X
11/08/2003,5|8|24|38|52,22,5X
11/12/2003,7|11|19|20|22,1,4X
11/15/2003,8|20|22|32|52,39,5X
11/19/2003,16|26|36|42|47,33,4X
11/22/2003,9|12|17|29|45,4,2X
11/26/2003,1|3|16|37|41,19,5X
11/29/2003,14|36|39|43|51,15,5X
12/03/2003,1|10|35|37|43,30,4X
12/06/2003,21|24|37|41|45,39,5X
12/10/2003,4|17|26|37|40,15,4X
12/13/2003,17|19|25|26|44,19,3X
12/17/2003,15|18|19|21|43,7,5X
12/20/2003,12|20|24|25|48,37,4X
12/24/2003,1|6|31|34|44,25,3X
12/27/2003,16|17|32|34|43,31,5X
12/31/2003,5|7|18|28|35,1,3X
01/03/2004,4|5|22|41|42,2,4X
01/07/2004,4|7|14|18|44,25,3X
01/10/2004,2|13|19|27|50,5,5X
01/14/2004,12|33|40|44|50,40,5X
01/17/2004,8|9|32|45|48,15,5X
01/21/2004,13|17|34|41|45,17,4X
01/24/2004,1|5|37|38|53,31,3X
01/28/2004,8|13|17|39|48,34,4X
01/31/2004,3|6|27|37|41,38,4X
02/04/2004,7|12|17|25|32,33,2X
02/07/2004,31|34|35|39|46,3,2X
02/11/2004,5|16|28|50|52,4,4X
02/14/2004,10|24|25|35|43,32,5X
02/18/2004,4|24|36|44|50,2,4X
02/21/2004,15|22|26|48|53,14,5X
02/25/2004,4|5|11|17|47,35,5X
02/28/2004,6|25|26|52|53,40,2X
03/03/2004,5|11|17|23|53,34,2X
03/06/2004,9|17|46|49|51,9,5X
03/10/2004,10|20|22|41|49,6,5X
03/13/2004,11|44|45|48|50,2,3X
03/17/2004,7|15|20|24|43,5,4X
03/20/2004,2|14|24|27|44,6,5X
03/24/2004,18|20|39|43|47,31,5X
03/27/2004,2|15|17|30|34,32,2X
03/31/2004,15|31|34|39|50,35,3X
04/03/2004,6|7|26|32|43,13,3X
04/07/2004,2|7|16|35|37,10,5X
04/10/2004,2|9|30|47|48,40,2X
04/14/2004,1|6|20|22|38,22,3X
04/17/2004,4|29|34|41|42,11,5X
04/21/2004,8|11|34|42|51,27,4X
04/24/2004,2|13|22|35|44,28,2X
04/28/2004,27|34|42|49|52,23,2X
05/01/2004,1|10|34|39|47,33,3X
05/05/2004,9|16|21|25|32,8,3X
05/08/2004,3|9|17|37|43,39,4X
05/12/2004,11|31|35|42|45,35,4X
05/15/2004,1|26|27|43|46,31,2X
05/19/2004,14|15|31|37|41,31,5X
05/22/2004,1|7|36|42|49,41,5X
05/26/2004,3|10|31|35|38,16,2X
05/29/2004,1|16|30|32|39,2,5X
06/02/2004,5|6|12|26|29,30,5X
06/05/2004,5|26|39|41|42,39,5X
06/09/2004,1|31|33|37|50,40,2X
06/12/2004,6|20|43|48|52,28,3X
06/16/2004,16|18|26|39|48,22,5X
06/19/2004,2|9|36|37|48,16,2X
06/23/2004,9|12|16|20|39,1,5X
06/26/2004,9|17|32|41|47,8,5X
06/30/2004,2|29|31|45|47,4,5X
07/03/2004,3|8|12|30|47,23,4X
07/07/2004,18|25|30|34|41,10,5X
07/10/2004,16|17|23|26|44,13,4X
07/14/2004,9|24|45|49|50,37,3X
07/17/2004,20|23|36|45|50,9,3X
07/21/2004,3|31|38|42|46,2,5X
07/24/2004,2|3|13|29|52,25,4X
07/28/2004,4|19|39|40|50,22,3X
07/31/2004,14|31|35|45|47,35,3X
08/04/2004,11|22|26|37|51,21,5X
08/07/2004,8|9|16|34|48,8,5X
08/11/2004,5|10|29|33|51,35,5X
08/14/2004,4|10|11|18|43,41,3X
08/18/2004,31|33|35|40|42,40,2X
08/21/2004,3|16|27|39|40,3,5X
08/25/2004,1|30|32|37|50,19,5X
08/28/2004,6|30|35|39|45,31,3X
09/01/2004,31|33|44|45|51,31,4X
09/04/2004,13|15|25|26|46,28,2X
09/08/2004,2|4|28|33|52,18,3X
09/11/2004,25|34|36|46|49,9,2X
09/15/2004,1|8|17|28|50,20,4X
09/18/2004,2|14|27|31|36,9,4X
09/22/2004,6|14|34|37|40,7,5X
09/25/2004,11|25|40|41|48,3,5X
09/29/2004,16|28|33|35|37,17,3X
10/02/2004,2|13|29|32|35,4,4X
10/06/2004,5|6|19|44|50,28,4X
10/09/2004,1|3|10|47|48,27,3X
10/13/2004,5|14|17|45|46,41,4X
10/16/2004,5|20|22|36|42,11,2X
10/20/2004,1|11|17|41|46,24,5X
10/23/2004,15|24|49|50|52,40,5X
10/27/2004,11|17|40|44|51,21,5X
10/30/2004,20|27|30|40|48,11,2X
11/03/2004,11|35|43|45|48,42,4X
11/06/2004,18|22|33|38|40,19,3X
11/10/2004,14|21|29|43|45,26,2X
11/13/2004,5|6|26|33|34,13,5X
11/17/2004,15|25|31|36|46,37,2X
11/20/2004,4|29|45|48|50,1,2X
11/24/2004,3|19|47|49|53,4,4X
11/27/2004,16|28|35|36|47,31,2X
12/01/2004,3|28|36|38|44,1,4X
12/04/2004,6|9|16|22|30,4,4X
12/08/2004,13|17|35|45|50,2,2X
12/11/2004,6|7|16|41|53,23,5X
12/15/2004,1|6|11|38|53,11,4X
12/18/2004,1|25|29|30|45,12,3X
12/22/2004,2|7|11|24|31,18,5X
12/25/2004,29|32|39|45|53,16,3X
12/29/2004,24|29|33|38|44,7,5X
01/01/2005,22|23|26|44|47,12,5X
01/05/2005,4|7|10|30|37,37,5X
01/08/2005,9|11|22|24|43,2,4X
01/12/2005,21|23|27|38|50,38,5X
01/15/2005,21|26|37|49|51,25,5X
01/19/2005,9|18|32|33|49,27,3X
01/22/2005,11|23|32|33|34,38,4X
01/26/2005,5|32|43|47|48,33,2X
01/29/2005,11|16|20|29|41,12,5X
02/02/2005,10|11|16|40|44,2,5X
02/05/2005,11|34|37|44|47,23,5X
02/09/2005,9|10|15|18|29,9,5X
02/12/2005,18|21|28|49|50,16,5X
02/16/2005,21|25|27|41|48,25,5X
02/19/2005,12|15|18|27|52,36,3X
02/23/2005,4|10|15|48|51,13,4X
02/26/2005,8|22|30|33|49,6,5X
03/02/2005,3|10|18|46|48,8,5X
03/05/2005,9|13|27|40|53,28,2X
03/09/2005,10|17|20|23|45,31,3X
03/12/2005,7|23|40|46|52,41,5X
03/16/2005,11|19|25|38|50,35,2X
03/19/2005,1|21|28|32|41,9,4X
03/23/2005,23|29|37|40|45,38,5X
03/26/2005,9|12|35|41|51,36,5X
03/30/2005,22|28|32|33|39,42,5X
04/02/2005,5|9|11|17|46,39,5X
04/06/2005,5|11|14|22|51,17,3X
04/09/2005,1|11|35|46|53,29,3X
04/13/2005,6|13|37|51|52,25,5X
04/16/2005,11|38|44|45|51,41,2X
04/20/2005,7|16|33|34|46,27,5X
04/23/2005,8|9|13|15|50,9,3X
04/27/2005,11|13|18|32|42,4,5X
04/30/2005,8|15|17|32|48,24,4X
05/04/2005,10|21|27|33|40,2,2X
05/07/2005,21|23|39|44|47,19,2X
05/11/2005,5|25|46|48|49,6,5X
05/14/2005,21|29|38|49|52,42,2X
05/18/2005,7|13|17|20|35,35,5X
05/21/2005,2|5|7|10|30,23,2X
05/25/2005,27|29|31|42|46,33,2X
05/28/2005,5|7|24|28|39,36,4X
06/01/2005,15|34|39|42|50,12,2X
06/04/2005,7|16|38|44|48,18,4X
06/08/2005,10|36|40|42|43,42,5X
06/11/2005,3|10|14|24|46,37,3X
06/15/2005,14|20|22|39|44,14,5X
06/18/2005,5|8|10|16|24,5,5X
06/22/2005,9|13|23|42|51,15,5X
06/25/2005,7|28|31|32|40,14,2X
06/29/2005,3|8|22|42|49,39,5X
07/02/2005,9|10|29|39|52,20,4X
07/06/2005,2|12|25|30|48,38,4X
07/09/2005,8|9|39|47|53,4,5X
07/13/2005,4|5|13|23|43,34,4X
07/16/2005,8|32|33|41|50,22,5X
07/20/2005,6|7|32|39|51,31,2X
07/23/2005,13|16|20|28|32,36,5X
07/27/2005,1|4|10|13|29,3,5X
07/30/2005,8|14|35|38|46,24,5X
08/03/2005,5|19|24|28|39,24,5X
08/06/2005,1|9|19|36|53,33,3X
08/10/2005,13|31|36|38|49,2,5X
08/13/2005,1|2|18|37|43,37,4X
08/17/2005,3|8|30|43|53,15,5X
08/20/2005,13|27|28|29|49,36,4X
08/24/2005,9|11|26|35|51,32,5X
08/27/2005,8|22|31|39|44,11,5X
08/31/2005,13|17|19|41|50,13,2X
09/03/2005,1|3|30|31|43,36,4X
09/07/2005,12|32|40|50|54,37,3X
09/10/2005,8|10|11|48|50,16,4X
09/14/2005,21|24|42|49|50,1,4X
09/17/2005,5|9|27|49|52,6,2X
09/21/2005,3|28|34|35|50,8,3X
09/24/2005,2|10|31|43|55,14,5X
09/28/2005,7|22|27|48|50,17,2X
10/01/2005,8|18|38|45|54,23,5X
10/05/2005,2|15|25|30|45,17,5X
10/08/2005,26|31|35|46|50,28,5X
10/12/2005,4|9|18|51|54,10,5X
10/15/2005,1|7|8|34|45,15,3X
10/19/2005,7|21|43|44|49,29,5X
10/22/2005,6|7|36|51|53,17,5X
10/26/2005,2|10|39|42|43,23,3X
10/29/2005,14|19|22|41|50,21,4X
11/02/2005,6|11|14|27|41,38,5X
11/05/2005,7|25|29|37|50,17,4X
11/09/2005,5|13|14|31|49,30,2X
11/12/2005,17|37|41|48|55,39,4X
11/16/2005,5|18|20|21|44,27,3X
11/19/2005,8|15|20|41|54,22,3X
11/23/2005,9|12|24|25|27,33,4X
11/26/2005,28|34|37|45|53,32,5X
11/30/2005,19|23|27|42|52,1,5X
12/03/2005,2|15|26|37|42,36,3X
12/07/2005,19|30|41|45|54,14,5X
12/10/2005,3|21|34|42|45,39,4X
12/14/2005,8|15|16|45|51,11,5X
12/17/2005,24|36|44|46|53,18,5X
12/21/2005,9|12|16|23|43,37,3X
12/24/2005,4|10|33|34|50,14,2X
12/28/2005,12|15|30|46|54,1,3X
12/31/2005,4|30|37|43|46,42,2X
01/04/2006,10|23|42|48|54,3,4X
01/07/2006,2|16|21|32|43,6,4X
01/11/2006,3|6|14|17|18,14,2X
01/14/2006,6|14|40|46|49,17,5X
01/18/2006,15|29|38|52|53,7,2X
01/21/2006,3|18|39|43|54,41,3X
01/25/2006,10|37|43|50|52,14,5X
01/28/2006,14|15|26|28|36,36,3X
02/01/2006,11|13|30|35|55,37,4X
02/04/2006,4|12|13|30|38,30,4X
02/08/2006,14|25|32|48|54,10,5X
02/11/2006,7|38|40|51|52,14,4X
02/15/2006,3|13|35|39|40,37,5X
02/18/2006,15|17|43|44|48,29,4X
02/22/2006,9|23|47|53|55,39,2X
02/25/2006,3|37|46|48|51,22,4X
03/01/2006,10|25|35|38|41,23,5X
03/04/2006,13|22|27|52|55,26,5X
03/08/2006,1|5|7|21|43,20,5X
03/11/2006,16|35|37|52|54,33,10X
03/15/2006,7|12|36|48|54,37,5X
03/18/2006,1|25|34|36|42,19,2X
03/22/2006,18|22|23|38|45,31,2X
03/25/2006,20|34|37|39|45,32,4X
03/29/2006,2|14|24|28|54,13,2X
04/01/2006,1|10|23|50|55,29,3X
04/05/2006,3|9|24|29|39,42,2X
04/08/2006,4|23|35|43|44,35,3X
04/12/2006,16|26|34|35|41,24,4X
04/15/2006,13|18|23|28|46,33,3X
04/19/2006,5|28|32|34|53,10,4X
04/22/2006,4|5|6|18|27,24,5X
04/26/2006,12|24|26|48|55,14,4X
04/29/2006,19|30|35|40|41,14,5X
05/03/2006,4|6|19|38|42,37,2X
05/06/2006,12|23|25|32|38,27,2X
05/10/2006,3|4|11|37|44,24,3X
05/13/2006,19|28|30|47|54,13,3X
05/17/2006,15|17|24|26|35,38,4X
05/20/2006,2|9|23|44|45,38,2X
05/24/2006,2|3|12|47|51,10,3X
05/27/2006,6|23|27|41|47,19,3X
05/31/2006,10|20|22|43|49,3,5X
06/03/2006,5|6|18|20|50,35,5X
06/07/2006,4|10|20|26|40,8,5X
06/10/2006,16|24|26|36|54,11,3X
06/14/2006,4|14|15|40|48,12,3X
06/17/2006,10|20|22|39|48,25,4X
06/21/2006,11|19|22|43|45,34,3X
06/24/2006,8|11|30|39|47,23,3X
06/28/2006,2|8|16|45|51,32,5X
07/01/2006,2|31|35|40|42,34,3X
07/05/2006,26|39|41|52|53,20,2X
07/08/2006,32|37|44|49|50,13,4X
07/12/2006,18|19|30|31|33,15,5X
07/15/2006,20|35|36|47|50,5,4X
07/19/2006,2|32|38|44|50,21,4X
07/22/2006,14|40|47|54|55,6,4X
07/26/2006,5|10|17|24|43,31,4X
07/29/2006,14|19|26|39|55,29,4X
08/02/2006,10|13|16|19|24,15,4X
08/05/2006,2|3|9|48|50,23,2X
08/09/2006,16|19|41|43|52,35,2X
08/12/2006,13|14|18|27|54,32,5X
08/16/2006,2|13|22|48|50,2,4X
08/19/2006,12|22|26|29|51,9,3X
08/23/2006,8|17|24|38|51,31,5X
08/26/2006,24|26|38|42|46,16,5X
08/30/2006,3|19|33|35|43,1,4X
09/02/2006,3|8|24|28|49,25,4X
09/06/2006,2|21|27|35|55,1,4X
09/09/2006,3|19|20|22|47,2,2X
09/13/2006,15|19|26|45|47,3,4X
09/16/2006,7|8|26|27|42,12,5X
09/20/2006,7|8|17|29|54,26,2X
09/23/2006,13|21|26|45|50,20,4X
09/27/2006,23|28|33|35|49,16,3X
09/30/2006,6|15|30|32|39,5,5X
10/04/2006,3|7|27|39|40,8,5X
10/07/2006,3|4|8|31|45,12,5X
10/11/2006,5|10|12|35|38,9,4X
10/14/2006,1|15|17|26|40,19,2X
10/18/2006,2|24|34|41|48,24,3X
10/21/2006,9|29|31|45|55,7,4X
10/25/2006,16|40|42|43|48,1,5X
10/28/2006,14|22|30|38|41,12,5X
11/01/2006,7|8|13|46|54,35,2X
11/04/2006,12|13|34|39|44,5,5X
11/08/2006,8|11|12|26|53,4,4X
11/11/2006,35|38|40|49|55,41,2X
11/15/2006,11|28|30|34|43,29,3X
11/18/2006,1|8|19|36|42,20,2X
11/22/2006,22|32|36|49|55,8,5X
11/25/2006,5|18|28|49|55,38,5X
11/29/2006,2|8|9|12|19,25,3X
12/02/2006,17|34|42|45|50,11,3X
12/06/2006,7|34|35|36|38,14,4X
12/09/2006,19|22|30|34|52,40,4X
12/13/2006,19|32|33|42|54,15,3X
12/16/2006,5|17|28|36|51,5,4X
12/20/2006,1|6|14|26|34,34,5X
12/23/2006,8|27|43|52|53,5,5X
12/27/2006,14|16|27|29|41,29,3X
12/30/2006,9|23|28|31|36,26,5X
01/03/2007,10|12|24|35|55,31,3X
01/06/2007,1|24|40|49|50,38,4X
01/10/2007,36|42|45|53|54,36,2X
01/13/2007,1|21|23|25|26,4,2X
01/17/2007,16|35|49|50|52,31,2X
01/20/2007,1|5|26|32|38,30,5X
01/24/2007,9|19|29|42|53,17,3X
01/27/2007,10|19|26|27|32,14,5X
01/31/2007,2|15|25|42|48,14,4X
02/03/2007,12|13|20|33|42,37,5X
02/07/2007,4|22|28|37|52,10,3X
02/10/2007,2|11|16|41|42,16,3X
02/14/2007,3|26|30|54|55,15,3X
02/17/2007,1|15|35|37|45,32,3X
02/21/2007,2|8|22|29|37,3,3X
02/24/2007,36|38|42|54|55,24,3X
02/28/2007,13|20|41|42|53,2,3X
03/03/2007,1|5|16|22|48,6,3X
03/07/2007,13|16|18|19|46,36,5X
03/10/2007,14|18|34|42|43,32,5X
03/14/2007,4|27|30|39|44,18,2X
03/17/2007,7|17|44|47|54,3,3X
03/21/2007,16|24|38|53|54,5,5X
03/24/2007,10|38|40|48|53,3,5X
03/28/2007,6|20|35|37|47,1,2X
03/31/2007,2|5|16|36|40,36,2X
04/04/2007,19|30|39|40|53,16,5X
04/07/2007,2|28|31|54|55,23,4X
04/11/2007,6|15|38|42|51,18,2X
04/14/2007,12|21|36|38|49,18,10X
04/18/2007,6|10|12|13|24,19,3X
04/21/2007,22|26|28|33|45,17,4X
04/25/2007,12|13|14|17|53,11,4X
04/28/2007,16|22|43|46|49,10,4X
05/02/2007,1|8|35|40|47,9,3X
05/05/2007,13|21|29|40|50,6,2X
05/09/2007,2|13|30|44|52,40,4X
05/12/2007,30|44|46|51|53,25,3X
05/16/2007,6|7|16|34|42,23,2X
05/19/2007,3|19|21|26|45,2,2X
05/23/2007,3|11|24|36|38,6,4X
05/26/2007,1|5|21|46|51,29,4X
05/30/2007,7|23|35|54|55,28,2X
06/02/2007,2|22|32|36|47,36,5X
06/06/2007,5|9|14|45|48,28,4X
06/09/2007,7|10|25|32|41,22,2X
06/13/2007,10|13|28|30|47,26,3X
06/16/2007,4|8|32|47|51,27,5X
06/20/2007,23|31|32|37|55,35,3X
06/23/2007,14|15|27|43|53,28,4X
06/27/2007,9|11|13|24|43,18,4X
06/30/2007,24|38|39|46|47,26,3X
07/04/2007,1|2|15|17|49,35,5X
07/07/2007,15|21|27|41|47,20,3X
07/11/2007,8|20|29|42|43,35,5X
07/14/2007,1|21|30|34|36,37,5X
07/18/2007,3|9|14|40|42,3,4X
07/21/2007,14|30|39|43|46,14,4X
07/25/2007,28|35|40|47|53,30,5X
07/28/2007,15|19|24|27|47,11,5X
08/01/2007,9|16|23|51|52,12,5X
08/04/2007,2|23|24|27|36,3,2X
08/08/2007,9|16|21|30|52,9,2X
08/11/2007,1|10|11|37|40,20,4X
08/15/2007,19|22|24|38|51,9,2X
08/18/2007,12|15|28|31|50,12,5X
08/22/2007,12|37|40|48|50,37,4X
08/25/2007,2|8|23|29|35,19,3X
08/29/2007,13|16|33|44|47,29,3X
09/01/2007,12|19|23|37|39,13,4X
09/05/2007,11|20|21|30|48,18,2X
09/08/2007,7|12|28|30|48,40,2X
09/12/2007,5|24|26|33|47,1,4X
09/15/2007,13|16|27|48|51,21,5X
09/19/2007,20|25|26|45|46,15,3X
09/22/2007,4|9|18|43|55,3,3X
09/26/2007,25|27|31|44|54,8,2X
09/29/2007,31|33|38|49|55,39,3X
10/03/2007,2|4|14|15|28,23,4X
10/06/2007,8|30|32|33|51,2,3X
10/10/2007,12|16|31|33|54,5,4X
10/13/2007,21|30|34|36|49,42,3X
10/17/2007,14|15|19|42|46,37,4X
10/20/2007,10|11|37|40|54,10,3X
10/24/2007,10|11|18|49|52,2,4X
10/27/2007,13|25|30|40|43,12,4X
10/31/2007,6|16|18|29|37,24,2X
11/03/2007,1|31|38|40|53,42,2X
11/07/2007,22|29|35|46|52,2,5X
11/10/2007,6|22|24|26|30,12,4X
11/14/2007,16|18|20|30|48,6,2X
11/17/2007,17|27|49|52|53,23,3X
11/21/2007,3|11|13|20|40,20,2X
11/24/2007,1|7|13|23|35,19,5X
11/28/2007,8|23|32|37|39,38,3X
12/01/2007,7|32|39|41|55,13,2X
12/05/2007,1|8|15|21|55,41,3X
12/08/2007,4|8|25|29|31,41,3X
12/12/2007,7|14|33|40|55,15,5X
12/15/2007,22|37|47|48|50,17,3X
12/19/2007,15|18|22|23|42,37,3X
12/22/2007,5|10|11|34|38,21,4X
12/26/2007,8|32|41|54|55,20,3X
12/29/2007,8|12|17|35|49,18,4X
01/02/2008,2|11|31|34|48,5,4X
01/05/2008,4|11|16|33|40,9,4X
01/09/2008,2|13|20|21|23,24,3X
01/12/2008,23|39|43|47|53,14,3X
01/16/2008,9|18|19|38|47,11,5X
01/19/2008,20|23|25|27|28,2,5X
01/23/2008,4|16|35|47|48,39,3X
01/26/2008,11|35|39|53|54,24,2X
01/30/2008,2|17|41|54|55,17,2X
02/02/2008,14|16|25|26|44,30,3X
02/06/2008,3|5|12|42|43,5,5X
02/09/2008,4|23|24|30|43,28,5X
02/13/2008,13|19|32|38|51,30,3X
02/16/2008,3|4|8|20|49,18,3X
02/20/2008,9|12|20|22|36,31,3X
02/23/2008,8|13|23|29|47,32,3X
02/27/2008,20|24|37|48|53,11,5X
03/01/2008,2|19|21|31|55,19,4X
03/05/2008,10|15|16|23|31,5,3X
03/08/2008,17|29|31|34|49,16,2X
03/12/2008,12|19|30|34|36,8,4X
03/15/2008,6|22|42|43|47,16,2X
03/19/2008,6|8|29|41|49,42,4X
03/22/2008,7|25|28|46|48,19,3X
03/26/2008,9|12|20|37|49,17,2X
03/29/2008,18|20|25|31|36,7,5X
04/02/2008,1|34|37|44|55,33,4X
04/05/2008,12|27|30|37|47,26,5X
04/09/2008,3|13|19|32|46,18,4X
04/12/2008,11|29|48|52|55,36,4X
04/16/2008,11|16|18|21|51,16,10X
04/19/2008,13|19|24|33|39,8,3X
04/23/2008,11|20|21|22|39,1,10X
04/26/2008,7|12|17|27|45,24,5X
04/30/2008,1|17|25|43|51,38,3X
05/03/2008,2|28|36|42|46,40,3X
05/07/2008,9|25|26|28|42,26,2X
05/10/2008,7|18|30|41|45,6,2X
05/14/2008,19|21|29|32|46,32,2X
05/17/2008,12|14|15|21|43,30,3X
05/21/2008,7|16|21|33|42,25,4X
05/24/2008,33|40|41|51|52,6,2X
05/28/2008,10|18|22|37|45,9,2X
05/31/2008,3|9|14|17|25,8,4X
06/04/2008,5|18|20|40|52,3,3X
06/07/2008,12|26|34|44|48,9,2X
06/11/2008,7|18|21|28|49,1,5X
06/14/2008,9|11|20|31|50,14,4X
06/18/2008,9|12|31|39|52,32,4X
06/21/2008,7|8|9|31|50,31,2X
06/25/2008,14|21|25|45|53,9,2X
06/28/2008,14|26|32|34|44,6,3X
07/02/2008,4|33|46|48|52,17,5X
07/05/2008,1|24|34|47|48,18,5X
07/09/2008,5|7|31|49|53,14,4X
07/12/2008,2|12|20|22|50,17,2X
07/16/2008,3|15|23|29|42,17,4X
07/19/2008,6|28|46|53|55,2,3X
07/23/2008,11|14|35|41|52,2,4X
07/26/2008,12|13|21|51|55,18,4X
07/30/2008,3|25|45|51|55,13,3X
08/02/2008,2|5|28|33|54,30,5X
08/06/2008,5|24|36|37|51,19,4X
08/09/2008,32|40|43|49|53,21,5X
08/13/2008,5|10|19|23|31,26,4X
08/16/2008,5|34|40|43|52,20,5X
08/20/2008,15|16|24|35|47,26,2X
08/23/2008,18|24|33|47|48,23,3X
08/27/2008,13|31|36|48|49,11,2X
08/30/2008,2|14|15|32|47,36,3X
09/03/2008,38|40|46|49|50,34,2X
09/06/2008,17|25|26|49|54,11,4X
09/10/2008,14|15|28|37|53,18,2X
09/13/2008,7|17|29|43|51,38,2X
09/17/2008,12|23|26|32|44,20,3X
09/20/2008,6|28|30|40|47,24,5X
09/24/2008,5|13|21|32|36,33,5X
09/27/2008,13|24|29|40|52,29,4X
10/01/2008,8|9|39|43|55,26,2X
10/04/2008,1|4|26|32|39,18,5X
10/08/2008,2|12|17|48|54,2,4X
10/11/2008,3|7|17|39|47,9,4X
10/15/2008,3|13|32|38|48,13,4X
10/18/2008,10|14|32|40|49,15,4X
10/22/2008,10|17|33|51|52,5,3X
10/25/2008,1|3|14|38|48,2,2X
10/29/2008,20|30|37|50|52,33,2X
11/01/2008,4|6|26|40|41,15,4X
11/05/2008,4|8|18|33|36,32,2X
11/08/2008,2|4|21|36|40,41,2X
11/12/2008,1|18|25|29|45,2,2X
11/15/2008,3|7|8|12|44,37,2X
11/19/2008,8|13|38|39|45,31,4X
11/22/2008,17|19|26|32|45,14,4X
11/26/2008,11|26|31|34|52,14,2X
11/29/2008,5|33|36|39|55,21,4X
12/03/2008,16|17|21|25|55,3,5X
12/06/2008,9|35|39|43|53,10,5X
12/10/2008,6|15|24|37|41,37,4X
12/13/2008,14|26|28|31|40,13,2X
12/17/2008,7|11|18|24|30,26,4X
12/20/2008,3|14|19|32|54,24,5X
12/24/2008,2|17|22|32|41,8,5X
12/27/2008,12|15|26|31|43,10,5X
12/31/2008,7|8|11|17|53,36,5X
01/03/2009,17|22|24|38|55,24,3X
01/07/2009,23|31|33|38|52,24,5X
01/10/2009,8|10|18|43|56,9,3X
01/14/2009,8|25|34|39|46,34,5X
01/17/2009,2|5|9|23|59,26,2X
01/21/2009,20|26|38|46|54,23,4X
01/24/2009,6|20|25|37|42,25,2X
01/28/2009,5|10|18|23|32,4,4X
01/31/2009,1|14|26|33|41,37,4X
02/04/2009,7|24|30|32|44,18,4X
02/07/2009,5|18|20|28|53,27,2X
02/11/2009,5|10|22|45|49,37,2X
02/14/2009,2|8|9|33|45,5,5X
02/18/2009,2|15|39|44|56,15,3X
02/21/2009,13|31|41|45|46,21,4X
02/25/2009,17|32|42|49|56,11,4X
02/28/2009,3|16|20|42|58,7,5X
03/04/2009,1|6|44|49|55,36,2X
03/07/2009,21|27|28|56|59,21,2X
03/11/2009,3|7|13|34|47,30,5X
03/14/2009,7|30|33|44|51,10,2X
03/18/2009,16|26|29|41|45,1,2X
03/21/2009,19|23|27|49|52,21,4X
03/25/2009,10|20|23|47|54,26,2X
03/28/2009,2|3|16|41|48,19,3X
04/01/2009,2|9|33|41|54,14,3X
04/04/2009,14|21|50|57|58,7,3X
04/08/2009,1|6|48|52|56,9,5X
04/11/2009,7|28|35|46|49,20,4X
04/15/2009,16|22|26|27|59,5,2X
04/18/2009,7|15|28|43|44,20,3X
04/22/2009,15|22|30|37|48,12,2X
04/25/2009,8|26|30|42|52,15,5X
04/29/2009,6|19|36|50|59,13,5X
05/02/2009,3|20|38|42|45,27,3X
05/06/2009,7|8|12|22|31,18,5X
05/09/2009,4|15|32|49|58,21,3X
05/13/2009,19|30|32|37|40,37,3X
05/16/2009,6|7|31|40|56,38,2X
05/20/2009,23|30|31|35|42,6,2X
05/23/2009,19|23|34|52|57,21,5X
05/27/2009,5|6|12|16|21,7,3X
05/30/2009,1|23|42|51|59,20,5X
06/03/2009,16|20|22|32|37,9,2X
06/06/2009,10|18|23|30|45,2,3X
06/10/2009,15|26|27|42|58,37,2X
06/13/2009,13|16|20|35|41,6,4X
06/17/2009,5|9|37|42|53,27,5X
06/20/2009,3|11|18|22|28,33,2X
06/24/2009,16|18|24|51|53,16,5X
06/27/2009,18|22|26|39|48,17,4X
07/01/2009,9|32|38|52|53,15,2X
07/04/2009,4|9|22|41|44,14,3X
07/08/2009,19|42|50|53|56,39,2X
07/11/2009,1|4|20|39|42,2,5X
07/15/2009,26|50|51|52|57,37,5X
07/18/2009,4|21|26|28|47,37,4X
07/22/2009,4|6|16|22|32,11,2X
07/25/2009,5|17|33|46|52,9,5X
07/29/2009,2|5|38|43|59,8,2X
08/01/2009,5|37|39|46|53,8,4X
08/05/2009,25|34|41|46|49,29,3X
08/08/2009,4|33|37|45|50,11,4X
08/12/2009,10|25|32|34|47,5,3X
08/15/2009,14|15|26|32|36,12,5X
08/19/2009,14|24|31|43|51,27,5X
08/22/2009,3|6|20|32|51,23,5X
08/26/2009,1|21|23|30|43,11,3X
08/29/2009,1|20|37|52|53,33,3X
09/02/2009,18|23|36|47|59,36,4X
09/05/2009,9|16|27|35|57,29,3X
09/09/2009,4|16|18|51|53,23,4X
09/12/2009,13|28|38|41|56,25,2X
09/16/2009,17|37|40|51|56,25,2X
09/19/2009,5|24|25|30|49,23,3X
09/23/2009,7|8|20|25|29,11,5X
09/26/2009,18|20|34|36|39,19,3X
09/30/2009,41|42|52|54|57,30,3X
10/03/2009,12|24|48|50|57,22,3X
10/07/2009,2|20|21|38|50,22,3X
10/10/2009,13|32|45|49|50,30,3X
10/14/2009,5|15|25|30|40,6,2X
10/17/2009,5|16|25|30|49,39,5X
10/21/2009,6|16|34|45|51,4,2X
10/24/2009,14|22|38|49|59,16,2X
10/28/2009,3|11|26|46|51,23,5X
10/31/2009,2|19|26|41|54,23,5X
11/04/2009,10|11|14|45|51,17,3X
11/07/2009,7|32|37|46|50,26,5X
11/11/2009,8|12|14|22|29,22,2X
11/14/2009,19|30|32|48|57,14,5X
11/18/2009,32|42|50|58|59,31,4X
11/21/2009,7|26|36|49|58,4,5X
11/25/2009,4|13|18|49|59,5,2X
11/28/2009,26|27|28|46|50,21,3X
12/02/2009,14|34|37|46|55,37,4X
12/05/2009,27|39|41|44|58,17,3X
12/09/2009,1|5|12|13|58,21,5X
12/12/2009,12|13|14|35|41,29,2X
12/16/2009,13|23|25|35|43,15,5X
12/19/2009,17|24|39|41|47,21,3X
12/23/2009,8|32|49|51|52,23,4X
12/26/2009,32|36|37|41|53,30,3X
12/30/2009,5|14|38|39|52,6,3X
01/02/2010,3|7|23|27|42,37,3X
01/06/2010,20|27|29|56|58,31,2X
01/09/2010,20|41|44|50|54,22,2X
01/13/2010,8|11|15|32|50,27,3X
01/16/2010,7|8|23|41|55,23,5X
01/20/2010,15|32|43|44|46,19,4X
01/23/2010,15|16|20|42|53,17,2X
01/27/2010,6|15|20|26|31,9,5X
01/30/2010,6|26|35|47|48,21,3X
02/03/2010,17|22|36|37|52,24,2X
02/06/2010,14|22|52|54|59,4,3X
02/10/2010,5|8|29|37|38,34,5X
02/13/2010,10|14|30|40|51,1,4X
02/17/2010,7|8|19|26|36,15,3X
02/20/2010,13|27|37|41|54,32,2X
02/24/2010,4|17|35|50|57,12,2X
02/27/2010,18|47|51|53|58,30,2X
03/03/2010,7|9|14|45|49,23,4X
03/06/2010,10|29|33|41|59,15,2X
03/10/2010,17|21|37|41|50,1,2X
03/13/2010,6|16|20|31|36,8,5X
03/17/2010,24|26|45|48|55,8,2X
03/20/2010,9|36|39|44|45,9,2X
03/24/2010,14|20|24|39|49,7,3X
03/27/2010,7|21|32|44|52,10,4X
03/31/2010,5|13|17|45|54,12,5X
04/03/2010,10|15|31|52|59,4,4X
04/07/2010,4|36|40|44|52,33,2X
04/10/2010,21|22|49|52|58,34,2X
04/14/2010,6|14|32|38|52,20,3X
04/17/2010,5|21|22|41|49,15,5X
04/21/2010,11|34|41|49|55,20,2X
04/24/2010,1|12|53|56|57,5,2X
04/28/2010,12|22|25|28|44,24,4X
05/01/2010,16|23|25|49|58,20,4X
05/05/2010,13|34|40|47|57,11,4X
05/08/2010,5|22|34|41|57,31,5X
05/12/2010,37|51|52|53|58,38,2X
05/15/2010,15|21|23|28|36,20,2X
05/19/2010,2|7|29|55|58,27,3X
05/22/2010,19|20|40|47|57,29,2X
05/26/2010,1|6|10|13|20,32,4X
05/29/2010,1|3|24|28|41,10,4X
06/02/2010,4|9|14|39|43,38,4X
06/05/2010,18|34|40|48|59,25,4X
06/09/2010,14|22|27|32|49,5,4X
06/12/2010,9|12|13|35|38,30,10X
06/16/2010,8|11|18|29|36,6,5X
06/19/2010,9|30|31|50|54,39,3X
06/23/2010,11|30|45|47|48,10,3X
06/26/2010,13|30|32|38|57,25,4X
06/30/2010,6|38|43|47|48,27,5X
07/03/2010,3|10|14|52|53,3,3X
07/07/2010,10|41|44|48|56,4,2X
07/10/2010,20|21|27|28|56,4,4X
07/14/2010,20|21|23|38|42,6,3X
07/17/2010,22|27|35|37|45,3,4X
07/21/2010,16|22|30|51|58,25,3X
07/24/2010,20|30|38|46|59,27,2X
07/28/2010,1|11|20|25|27,2,5X
07/31/2010,1|16|17|41|57,15,3X
08/04/2010,19|28|30|37|53,36,4X
08/07/2010,4|22|26|31|52,30,5X
08/11/2010,7|10|22|23|52,29,2X
08/14/2010,9|33|36|50|58,31,2X
08/18/2010,4|32|33|47|55,39,3X
08/21/2010,7|10|12|22|27,26,2X
08/25/2010,16|17|29|31|36,23,3X
08/28/2010,4|22|27|32|56,13,4X
09/01/2010,17|20|21|40|51,19,3X
09/04/2010,11|14|22|33|42,38,2X
09/08/2010,10|35|39|51|57,20,5X
09/11/2010,7|17|20|36|59,33,4X
09/15/2010,7|20|21|34|43,34,5X
09/18/2010,1|18|37|39|44,13,4X
09/22/2010,10|24|36|52|55,15,5X
09/25/2010,8|16|27|35|42,30,2X
09/29/2010,13|44|51|52|55,30,4X
10/02/2010,12|20|30|36|47,25,4X
10/06/2010,14|26|37|41|46,24,5X
10/09/2010,2|6|32|42|49,35,3X
10/13/2010,12|22|32|34|46,2,4X
10/16/2010,11|12|15|16|28,11,2X
10/20/2010,7|17|20|39|59,17,3X
10/23/2010,2|7|16|20|46,34,4X
10/27/2010,20|24|25|53|59,15,5X
10/30/2010,1|7|27|36|49,39,5X
11/03/2010,34|38|39|45|50,33,2X
11/06/2010,7|12|23|34|38,33,4X
11/10/2010,5|8|11|40|44,10,4X
11/13/2010,17|30|48|51|54,29,5X
11/17/2010,14|16|53|54|59,5,3X
11/20/2010,10|12|38|53|57,1,5X
11/24/2010,8|20|21|32|37,4,3X
11/27/2010,10|30|37|47|54,39,5X
12/01/2010,5|10|11|12|20,2,3X
12/04/2010,13|24|27|31|42,22,5X
12/08/2010,8|11|25|41|58,16,4X
12/11/2010,1|8|10|19|20,23,2X
12/15/2010,10|11|18|32|45,18,5X
12/18/2010,4|11|19|33|43,14,4X
12/22/2010,11|33|44|46|47,12,2X
12/25/2010,1|17|38|50|52,24,2X
12/29/2010,3|16|18|20|37,30,2X
01/01/2011,18|22|37|47|54,36,2X
01/05/2011,22|26|32|38|40,7,5X
01/08/2011,6|7|26|33|52,24,2X
01/12/2011,19|21|23|40|48,27,4X
01/15/2011,9|13|22|23|37,31,3X
01/19/2011,22|36|51|56|59,32,3X
01/22/2011,30|31|34|45|51,23,2X
01/26/2011,4|5|36|47|58,6,3X
01/29/2011,24|28|45|49|52,2,4X
02/02/2011,3|14|33|53|57,36,4X
02/05/2011,15|37|41|56|59,5,5X
02/09/2011,7|11|39|42|51,30,4X
02/12/2011,11|32|36|48|52,19,4X
02/16/2011,9|13|21|23|48,24,2X
02/19/2011,3|12|34|37|42,36,5X
02/23/2011,29|32|36|39|49,29,3X
02/26/2011,4|13|17|21|45,10,5X
03/02/2011,7|31|50|51|58,6,2X
03/05/2011,2|23|31|42|48,21,2X
03/09/2011,12|20|28|40|48,8,2X
03/12/2011,1|4|12|41|47,3,4X
03/16/2011,28|39|40|48|53,9,3X
03/19/2011,3|11|20|27|46,8,2X
03/23/2011,5|15|26|28|32,9,2X
03/26/2011,4|10|11|19|33,27,4X
03/30/2011,19|20|42|56|58,37,4X
04/02/2011,6|22|34|43|45,23,2X
04/06/2011,10|18|41|55|56,15,2X
04/09/2011,5|14|32|53|56,11,4X
04/13/2011,4|23|39|49|50,39,3X
04/16/2011,21|33|44|45|55,7,5X
04/20/2011,9|24|34|36|43,27,3X
04/23/2011,3|11|47|48|58,19,3X
04/27/2011,4|24|40|44|55,5,2X
04/30/2011,6|13|15|32|41,3,2X
05/04/2011,3|15|27|29|41,24,4X
05/07/2011,2|11|27|47|55,15,4X
05/11/2011,9|17|32|43|45,31,3X
05/14/2011,8|17|18|40|44,16,2X
05/18/2011,7|12|13|42|49,16,4X
05/21/2011,2|8|40|49|50,36,3X
05/25/2011,4|23|31|42|50,23,2X
05/28/2011,12|20|43|51|55,11,4X
06/01/2011,8|18|38|46|56,31,4X
06/04/2011,17|19|39|41|58,21,5X
06/08/2011,14|37|44|45|53,29,5X
06/11/2011,16|18|27|36|50,8,3X
06/15/2011,19|20|38|41|43,29,4X
06/18/2011,12|21|22|38|41,18,2X
06/22/2011,12|15|19|46|59,12,4X
06/25/2011,18|36|39|41|57,12,4X
06/29/2011,24|30|45|57|59,26,3X
07/02/2011,1|11|18|29|51,32,3X
07/06/2011,11|15|24|50|55,8,2X
07/09/2011,1|9|11|23|31,6,3X
07/13/2011,8|18|19|32|54,8,4X
07/16/2011,24|28|48|50|54,25,3X
07/20/2011,1|4|38|40|42,17,4X
07/23/2011,1|7|27|38|48,30,3X
07/27/2011,38|40|41|51|59,33,2X
07/30/2011,20|40|41|47|55,19,2X
08/03/2011,13|19|21|28|49,11,2X
08/06/2011,25|30|54|57|59,6,3X
08/10/2011,11|18|36|41|46,38,4X
08/13/2011,9|12|35|50|58,4,2X
08/17/2011,18|28|31|48|52,37,4X
08/20/2011,2|17|23|28|47,36,2X
08/24/2011,9|13|47|49|53,39,5X
08/27/2011,2|12|25|54|58,14,3X
08/31/2011,13|19|35|47|57,29,5X
09/03/2011,15|25|52|53|54,2,5X
09/07/2011,3|5|18|27|54,13,4X
09/10/2011,4|19|22|32|53,24,4X
09/14/2011,16|41|42|50|59,5,3X
09/17/2011,6|20|22|32|43,11,2X
09/21/2011,12|47|48|52|55,13,4X
09/24/2011,3|4|12|27|44,26,5X
09/28/2011,30|41|50|51|53,8,2X
10/01/2011,1|12|23|27|43,31,3X
10/05/2011,7|20|43|46|54,17,4X
10/08/2011,3|27|35|37|45,31,5X
10/12/2011,10|12|23|43|47,18,3X
10/15/2011,5|10|24|38|43,1,4X
10/19/2011,16|26|35|52|58,2,5X
10/22/2011,3|8|23|30|58,13,4X
10/26/2011,1|18|21|39|55,6,3X
10/29/2011,11|16|40|51|56,38,5X
11/02/2011,12|14|34|39|46,36,4X
11/05/2011,2|33|39|40|43,26,3X
11/09/2011,5|35|57|58|59,12,3X
11/12/2011,4|35|36|51|56,8,5X
11/16/2011,13|22|25|39|51,28,2X
11/19/2011,9|16|17|28|30,11,3X
11/23/2011,4|30|35|57|59,25,2X
11/26/2011,20|37|39|45|55,28,2X
11/30/2011,2|6|34|35|47,22,2X
12/03/2011,5|18|33|43|45,8,3X
12/07/2011,3|14|20|39|40,37,2X
12/10/2011,4|19|33|41|59,9,5X
12/14/2011,2|24|46|52|56,19,5X
12/17/2011,13|28|49|51|59,33,4X
12/21/2011,10|13|15|31|54,18,5X
12/24/2011,14|16|30|51|52,19,2X
12/28/2011,16|21|27|41|45,14,2X
12/31/2011,5|23|25|28|40,34,4X
01/04/2012,21|35|46|47|50,2,4X
01/07/2012,3|21|24|38|39,24,5X
01/11/2012,5|19|29|45|47,25,2X
01/14/2012,10|30|36|38|41,1,5X
01/18/2012,6|29|34|44|50,28,0X
01/21/2012,12|24|43|44|45,7,0X
01/25/2012,4|19|28|29|47,5,0X
01/28/2012,5|33|41|54|59,13,0X
02/01/2012,8|13|17|34|59,35,0X
02/04/2012,15|23|43|45|56,7,0X
02/08/2012,17|28|38|39|51,33,0X
02/11/2012,1|10|37|52|57,11,0X
02/15/2012,11|12|32|52|56,11,0X
02/18/2012,23|28|50|56|59,5,0X
02/22/2012,7|16|17|39|51,32,0X
02/25/2012,6|11|42|53|54,7,0X
02/29/2012,1|4|11|23|26,14,0X
03/03/2012,29|30|45|47|49,35,0X
03/07/2012,12|35|45|46|47,12,0X
03/10/2012,5|14|17|20|41,5,0X
03/14/2012,1|8|41|46|59,24,0X
03/17/2012,11|14|49|55|58,30,0X
03/21/2012,32|43|53|55|56,6,0X
03/24/2012,1|15|35|37|47,8,0X
03/28/2012,11|16|29|50|58,33,0X
03/31/2012,5|14|36|54|58,27,0X
04/04/2012,1|24|33|45|49,6,0X
04/07/2012,5|13|17|20|30,18,0X
04/11/2012,16|23|42|44|47,2,0X
04/14/2012,14|15|16|19|24,2,0X
04/18/2012,20|22|39|46|49,29,0X
04/21/2012,6|8|20|42|51,16,0X
04/25/2012,4|25|29|34|43,29,0X
04/28/2012,31|39|40|57|58,33,0X
05/02/2012,7|8|33|38|50,29,0X
05/05/2012,9|12|20|44|59,23,0X
05/09/2012,1|7|11|55|56,1,0X
05/12/2012,10|24|35|53|58,22,0X
05/16/2012,3|7|21|28|43,2,0X
05/19/2012,8|13|35|46|51,30,0X
05/23/2012,4|7|26|53|59,32,0X
05/26/2012,13|14|41|49|59,14,0X
05/30/2012,9|10|24|52|56,14,0X
06/02/2012,9|10|17|29|45,33,0X
06/06/2012,19|30|33|48|59,27,0X
06/09/2012,18|22|45|56|57,27,0X
06/13/2012,7|10|14|33|57,18,0X
06/16/2012,8|14|15|16|27,26,0X
06/20/2012,11|17|29|56|57,14,0X
06/23/2012,1|3|41|44|53,30,0X
06/27/2012,6|34|40|46|58,6,0X
06/30/2012,7|15|20|41|44,22,0X
07/04/2012,14|19|35|39|56,33,0X
07/07/2012,3|5|29|39|59,29,0X
07/11/2012,5|22|36|49|55,23,0X
07/14/2012,4|16|32|37|46,13,0X
07/18/2012,2|5|20|23|57,3,0X
07/21/2012,9|31|38|54|56,20,0X
07/25/2012,3|14|35|38|46,16,0X
07/28/2012,5|6|13|36|50,13,0X
08/01/2012,3|16|48|56|58,4,0X
08/04/2012,19|30|48|53|55,18,0X
08/08/2012,3|7|11|15|28,12,0X
08/11/2012,4|13|39|46|51,1,0X
08/15/2012,6|27|46|51|56,21,0X
08/18/2012,14|26|41|55|59,1,0X
08/22/2012,22|29|31|47|55,19,0X
08/25/2012,1|6|7|20|49,23,0X
08/29/2012,25|28|49|54|56,28,0X
09/01/2012,8|11|21|44|49,22,0X
09/05/2012,4|19|26|42|51,29,0X
09/08/2012,6|20|34|44|48,29,0X
09/12/2012,24|33|36|48|56,6,0X
09/15/2012,3|20|26|43|48,1,0X
09/19/2012,1|5|8|39|50,23,0X
09/22/2012,2|16|18|40|42,33,0X
09/26/2012,13|26|39|41|42,10,0X
09/29/2012,14|18|28|29|57,8,0X
10/03/2012,17|23|36|55|59,10,0X
10/06/2012,15|26|34|36|59,35,0X
10/10/2012,18|26|29|35|43,28,0X
10/13/2012,2|5|25|26|49,18,0X
10/17/2012,1|7|10|23|42,35,0X
10/20/2012,4|21|28|31|44,10,0X
10/24/2012,3|18|21|23|50,4,0X
10/27/2012,22|32|34|36|56,33,0X
10/31/2012,1|27|31|45|48,5,0X
11/03/2012,4|7|9|30|54,25,0X
11/07/2012,32|34|45|52|58,20,0X
11/10/2012,32|42|50|54|55,32,0X
11/14/2012,8|10|30|44|58,13,0X
11/17/2012,3|15|27|58|59,20,0X
11/21/2012,8|18|24|30|39,26,0X
11/24/2012,22|32|37|44|50,34,0X
11/28/2012,5|16|22|23|29,6,0X
12/01/2012,3|10|19|36|46,3,0X
12/05/2012,13|17|19|27|38,12,0X
12/08/2012,7|23|26|40|53,21,0X
12/12/2012,8|10|25|36|44,28,0X
12/15/2012,15|23|40|44|55,14,0X
12/19/2012,5|8|20|23|30,3,0X
12/22/2012,1|18|35|39|44,11,0X
12/26/2012,11|13|23|43|54,4,0X
12/29/2012,36|46|50|52|55,14,0X
01/02/2013,18|20|28|35|53,20,0X
01/05/2013,26|30|49|51|54,25,0X
01/09/2013,11|13|20|27|59,26,0X
01/12/2013,10|14|21|23|47,7,0X
01/16/2013,9|21|28|32|51,35,0X
01/19/2013,8|28|29|34|38,35,0X
01/23/2013,11|12|24|43|45,9,0X
01/26/2013,3|22|26|41|49,18,0X
01/30/2013,14|16|32|47|52,16,0X
02/02/2013,11|16|33|40|41,34,0X
02/06/2013,5|27|36|38|41,12,0X
02/09/2013,5|6|16|36|58,3,0X
02/13/2013,12|23|25|27|43,29,0X
02/16/2013,15|16|46|50|58,29,0X
02/20/2013,3|17|19|25|32,17,0X
02/23/2013,2|5|31|39|41,29,0X
02/27/2013,3|14|20|34|48,21,0X
03/02/2013,3|8|13|41|56,16,0X
03/06/2013,6|10|23|41|45,1,0X
03/09/2013,10|37|40|46|52,12,0X
03/13/2013,5|9|28|32|38,29,0X
03/16/2013,3|7|21|44|53,16,0X
03/20/2013,13|14|17|43|54,15,0X
03/23/2013,17|29|31|52|53,31,0X
03/27/2013,7|37|43|48|52,16,0X
03/30/2013,11|23|26|46|55,27,0X
04/03/2013,1|6|8|12|35,3,0X
04/06/2013,4|7|8|29|39,24,0X
04/10/2013,1|36|40|52|53,20,0X
04/13/2013,10|12|31|56|57,33,0X
04/17/2013,13|18|36|48|58,28,0X
04/20/2013,6|8|30|39|48,20,0X
04/24/2013,9|19|31|56|59,2,0X
04/27/2013,3|23|48|54|55,5,0X
05/01/2013,22|26|31|54|55,18,0X
05/04/2013,7|12|26|36|40,17,0X
05/08/2013,21|22|26|30|57,27,0X
05/11/2013,6|13|19|23|43,16,0X
05/15/2013,2|11|26|34|41,32,0X
05/18/2013,10|13|14|22|52,11,0X
05/22/2013,9|31|35|41|57,26,0X
05/25/2013,2|6|19|21|27,25,0X
05/29/2013,9|14|17|49|57,2,0X
06/01/2013,22|28|33|53|59,14,0X
06/05/2013,4|26|33|36|55,32,0X
06/08/2013,2|11|22|26|32,19,0X
06/12/2013,16|22|23|42|55,32,0X
06/15/2013,28|36|40|48|55,1,0X
06/19/2013,7|46|47|52|57,17,0X
06/22/2013,13|19|23|33|57,28,0X
06/26/2013,1|18|33|39|46,33,0X
06/29/2013,8|28|30|53|56,16,0X
07/03/2013,3|6|29|40|51,4,0X
07/06/2013,2|13|35|36|52,11,0X
07/10/2013,30|31|45|55|59,27,0X
07/13/2013,2|8|22|35|37,6,0X
07/17/2013,1|22|34|38|42,17,0X
07/20/2013,14|25|27|38|58,6,0X
07/24/2013,9|29|40|44|54,7,0X
07/27/2013,9|23|40|53|58,6,0X
07/31/2013,8|24|39|49|59,5,0X
08/03/2013,21|24|36|42|45,15,0X
08/07/2013,5|25|30|58|59,32,0X
08/10/2013,4|12|14|37|58,13,0X
08/14/2013,4|11|17|43|51,20,0X
08/17/2013,18|21|46|54|56,23,0X
08/21/2013,30|40|42|46|48,23,0X
08/24/2013,12|17|25|45|59,19,0X
08/28/2013,6|7|9|19|32,13,0X
08/31/2013,2|7|25|40|56,20,0X
09/04/2013,2|9|26|45|47,11,0X
09/07/2013,2|19|22|26|45,24,0X
09/11/2013,11|19|33|42|52,33,0X
09/14/2013,1|17|25|37|44,20,0X
09/18/2013,7|10|22|32|35,19,0X
09/21/2013,12|17|45|54|58,13,0X
09/25/2013,2|7|17|49|53,23,0X
09/28/2013,14|47|52|53|54,5,0X
10/02/2013,4|6|25|42|51,17,0X
10/05/2013,11|12|17|39|40,5,0X
10/09/2013,3|9|19|33|38,18,0X
10/12/2013,8|10|26|57|58,4,0X
10/16/2013,3|26|28|34|42,28,0X
10/19/2013,9|33|54|56|57,5,0X
10/23/2013,3|23|31|34|47,13,0X
10/26/2013,4|6|34|49|56,29,0X
10/30/2013,2|36|40|49|54,10,0X
11/02/2013,13|23|24|27|40,17,0X
11/06/2013,1|5|10|15|49,22,0X
11/09/2013,3|9|37|49|56,32,0X
11/13/2013,5|31|50|55|56,9,0X
11/16/2013,10|29|37|44|59,10,0X
11/20/2013,4|18|23|32|45,7,0X
11/23/2013,5|12|43|52|55,10,0X
11/27/2013,18|25|50|55|57,17,0X
11/30/2013,5|26|44|45|57,29,0X
12/04/2013,6|9|11|31|44,25,0X
12/07/2013,13|20|32|45|48,17,0X
12/11/2013,1|10|13|18|19,27,0X
12/14/2013,14|25|32|33|41,34,0X
12/18/2013,7|24|37|39|40,1,0X
12/21/2013,25|36|40|45|51,8,0X
12/25/2013,23|28|38|39|56,32,0X
12/28/2013,8|35|44|51|56,18,0X
01/01/2014,15|24|40|48|52,23,0X
01/04/2014,19|20|37|41|58,14,0X
01/08/2014,10|28|39|47|58,22,0X
01/11/2014,10|15|33|48|54,34,0X
01/15/2014,7|8|9|24|29,25,0X
01/18/2014,13|14|19|31|38,25,0X
01/22/2014,1|2|7|9|55,29,3X
01/25/2014,8|12|18|55|57,2,2X
01/29/2014,11|23|28|32|47,20,2X
02/01/2014,5|12|15|27|38,7,2X
02/05/2014,8|17|32|57|59,24,3X
02/08/2014,24|25|34|37|54,29,2X
02/12/2014,36|44|49|52|57,1,2X
02/15/2014,2|9|14|21|23,3,3X
02/19/2014,1|17|35|49|54,34,3X
02/22/2014,2|3|13|14|54,4,5X
02/26/2014,11|12|17|38|42,2,2X
03/01/2014,3|8|25|30|47,13,4X
03/05/2014,3|7|9|26|54,19,2X
03/08/2014,10|14|24|32|41,30,2X
03/12/2014,14|15|28|37|54,10,2X
03/15/2014,2|5|34|51|58,9,4X
03/19/2014,2|19|23|34|43,14,2X
03/22/2014,13|28|31|55|58,15,2X
03/26/2014,28|33|41|44|59,21,2X
03/29/2014,2|3|12|27|38,17,2X
04/02/2014,8|13|19|22|53,24,2X
04/05/2014,11|21|26|33|34,29,5X
04/09/2014,9|14|44|48|49,29,2X
04/12/2014,14|26|45|54|55,20,2X
04/16/2014,34|39|42|44|59,8,3X
04/19/2014,5|6|29|35|51,21,5X
04/23/2014,19|25|29|36|48,12,4X
04/26/2014,3|7|22|30|33,20,3X
04/30/2014,2|9|11|19|50,32,3X
05/03/2014,5|15|16|46|49,26,4X
05/07/2014,17|29|31|48|49,34,2X
05/10/2014,4|31|41|47|55,1,2X
05/14/2014,7|33|39|52|55,33,3X
05/17/2014,23|32|39|47|49,22,3X
05/21/2014,4|20|34|39|58,31,5X
05/24/2014,15|16|28|49|55,18,2X
05/28/2014,2|24|28|32|59,25,3X
05/31/2014,15|27|31|34|48,1,2X
06/04/2014,1|7|10|22|49,24,3X
06/07/2014,28|30|35|58|59,15,2X
06/11/2014,14|18|25|33|49,23,5X
06/14/2014,9|33|42|45|54,30,3X
06/18/2014,6|9|29|52|59,7,3X
06/21/2014,5|6|37|41|54,26,3X
06/25/2014,10|20|25|50|53,35,4X
06/28/2014,8|12|34|43|56,9,2X
07/02/2014,8|18|45|53|58,35,2X
07/05/2014,24|34|36|57|58,11,4X
07/09/2014,9|25|42|55|57,14,2X
07/12/2014,2|3|7|23|51,26,2X
07/16/2014,5|15|18|26|32,35,3X
07/19/2014,10|17|25|45|53,9,2X
07/23/2014,4|10|12|22|31,3,5X
07/26/2014,24|28|30|38|39,16,2X
07/30/2014,13|30|42|49|53,29,3X
08/02/2014,12|26|44|46|47,29,2X
08/06/2014,1|8|24|28|49,24,5X
08/09/2014,3|12|31|34|51,24,2X
08/13/2014,8|37|39|40|52,24,2X
08/16/2014,7|8|17|48|59,9,2X
08/20/2014,4|8|21|38|40,3,2X
08/23/2014,28|32|35|36|52,31,3X
08/27/2014,17|24|26|45|46,19,3X
08/30/2014,5|28|31|52|59,27,2X
09/03/2014,2|16|43|45|51,35,3X
09/06/2014,9|29|31|43|50,18,2X
09/10/2014,2|14|39|40|43,13,5X
09/13/2014,1|6|16|37|53,27,3X
09/17/2014,18|25|36|48|50,23,2X
09/20/2014,22|23|30|37|39,16,4X
09/24/2014,7|14|21|24|41,26,4X
09/27/2014,2|11|35|52|54,13,3X
10/01/2014,1|4|18|20|45,7,2X
10/04/2014,13|18|24|25|33,31,2X
10/08/2014,5|16|31|46|50,18,3X
10/11/2014,10|19|37|38|39,28,2X
10/15/2014,5|7|19|27|28,20,2X
10/18/2014,20|26|27|36|54,19,2X
10/22/2014,29|30|40|42|50,16,2X
10/25/2014,6|10|51|54|57,12,2X
10/29/2014,25|28|48|57|59,16,3X
11/01/2014,1|3|13|25|38,17,2X
11/05/2014,2|11|19|21|42,34,3X
11/08/2014,9|19|33|38|54,15,3X
11/12/2014,37|39|51|52|55,11,3X
11/15/2014,13|16|33|35|51,28,2X
11/19/2014,6|36|38|48|51,17,2X
11/22/2014,23|49|53|54|57,35,2X
11/26/2014,16|17|22|46|54,35,5X
11/29/2014,13|24|30|42|48,27,2X
12/03/2014,25|30|32|46|54,26,3X
12/06/2014,12|15|22|43|49,14,2X
12/10/2014,34|44|48|54|55,10,2X
12/13/2014,5|13|28|43|55,33,3X
12/17/2014,22|31|38|47|48,15,3X
12/20/2014,14|15|19|31|56,5,5X
12/24/2014,11|12|46|47|50,22,4X
12/27/2014,7|10|11|14|36,15,2X
12/31/2014,17|27|37|40|53,35,2X
01/03/2015,4|18|43|46|55,25,3X
01/07/2015,14|15|47|49|59,10,2X
01/10/2015,2|9|19|28|29,19,5X
01/14/2015,2|4|10|41|53,22,5X
01/17/2015,15|16|23|27|36,9,2X
01/21/2015,11|12|15|28|57,23,4X
01/24/2015,16|19|20|29|33,10,2X
01/28/2015,12|24|35|36|49,1,5X
01/31/2015,5|11|16|26|50,34,2X
02/04/2015,24|36|51|52|56,22,2X
02/07/2015,5|10|21|34|58,33,5X
02/11/2015,11|13|25|39|54,19,3X
02/14/2015,1|24|44|45|51,28,2X
02/18/2015,1|9|29|32|49,22,2X
02/21/2015,10|14|18|34|51,26,2X
02/25/2015,17|19|21|32|39,8,3X
02/28/2015,11|17|25|28|46,12,2X
03/04/2015,8|12|15|35|50,32,2X
03/07/2015,34|36|38|42|50,33,4X
03/11/2015,11|24|31|40|44,27,2X
03/14/2015,8|14|39|46|47,18,2X
03/18/2015,14|25|30|33|47,8,2X
03/21/2015,11|16|30|38|42,7,4X
03/25/2015,7|19|23|50|54,14,2X
03/28/2015,2|4|6|12|38,17,3X
04/01/2015,2|30|33|39|44,1,3X
04/04/2015,33|39|40|41|54,28,3X
04/08/2015,1|19|45|46|58,29,2X
04/11/2015,1|12|32|42|58,12,2X
04/15/2015,1|16|21|29|40,30,3X
04/18/2015,13|22|23|29|31,17,3X
04/22/2015,10|14|25|39|53,18,2X
04/25/2015,21|33|35|38|45,12,2X
04/29/2015,1|26|34|38|51,6,3X
05/02/2015,2|6|11|30|31,33,3X
05/06/2015,23|24|27|39|41,30,5X
05/09/2015,4|15|17|35|58,17,3X
05/13/2015,1|25|29|31|47,7,3X
05/16/2015,24|29|38|48|52,32,2X
05/20/2015,1|12|28|35|44,25,3X
05/23/2015,9|15|17|31|43,16,4X
05/27/2015,8|15|34|53|59,23,2X
05/30/2015,8|9|25|56|57,22,2X
06/03/2015,6|8|13|37|40,11,2X
06/06/2015,8|13|18|27|43,15,4X
06/10/2015,31|32|48|49|53,25,2X
06/13/2015,29|41|48|52|54,29,2X
06/17/2015,20|21|22|41|54,7,3X
06/20/2015,9|10|16|20|57,15,2X
06/24/2015,3|5|10|22|32,7,4X
06/27/2015,18|28|35|46|49,27,5X
07/01/2015,7|24|26|31|41,25,2X
07/04/2015,3|6|14|18|24,21,3X
07/08/2015,4|15|25|27|30,18,3X
07/11/2015,11|39|46|52|54,3,2X
07/15/2015,13|16|34|45|50,11,2X
07/18/2015,6|37|39|45|55,33,3X
07/22/2015,12|31|43|44|57,11,2X
07/25/2015,27|29|34|41|44,2,3X
07/29/2015,4|22|27|28|52,35,3X
08/01/2015,7|13|24|49|57,15,3X
08/05/2015,9|11|14|16|42,19,2X
08/08/2015,9|34|48|52|54,15,4X
08/12/2015,8|13|29|38|52,28,2X
08/15/2015,3|13|17|42|52,24,4X
08/19/2015,6|8|43|48|50,7,2X
08/22/2015,4|12|14|21|55,7,4X
08/26/2015,2|22|32|45|56,12,5X
08/29/2015,18|21|25|28|29,16,2X
09/02/2015,17|22|30|46|56,16,3X
09/05/2015,10|16|18|29|45,19,2X
09/09/2015,44|45|47|50|51,8,2X
09/12/2015,2|3|13|16|35,27,3X
09/16/2015,5|7|24|31|39,7,3X
09/19/2015,12|17|26|43|48,24,2X
09/23/2015,8|29|41|51|58,5,2X
09/26/2015,23|31|42|50|57,5,3X
09/30/2015,21|39|40|55|59,17,3X
10/03/2015,6|26|33|44|46,4,2X
